{
	"partitions" : [
		{
			"name" : "Top",
			"pins" : [
				{
					"name" : "seg1[0]",
					"strict" : false
				},
				{
					"name" : "seg1[1]",
					"strict" : false
				},
				{
					"name" : "seg1[2]",
					"strict" : false
				},
				{
					"name" : "seg1[3]",
					"strict" : false
				},
				{
					"name" : "seg1[4]",
					"strict" : false
				},
				{
					"name" : "seg1[5]",
					"strict" : false
				},
				{
					"name" : "seg1[6]",
					"strict" : false
				},
				{
					"name" : "seg2[0]",
					"strict" : false
				},
				{
					"name" : "seg2[1]",
					"strict" : false
				},
				{
					"name" : "seg2[2]",
					"strict" : false
				},
				{
					"name" : "seg2[3]",
					"strict" : false
				},
				{
					"name" : "seg2[4]",
					"strict" : false
				},
				{
					"name" : "seg2[5]",
					"strict" : false
				},
				{
					"name" : "seg2[6]",
					"strict" : false
				},
				{
					"name" : "led",
					"strict" : false
				},
				{
					"name" : "w",
					"strict" : false
				},
				{
					"name" : "clk",
					"strict" : false
				},
				{
					"name" : "reset",
					"strict" : false
				},
				{
					"name" : "push_button",
					"strict" : false
				}
			]
		}
	]
}